newusername,samplename,phonenumber,departmentname,job,emailaddress,costcenter,telephonelinesandinstallations,handsetsandheadsets,timeframe,dateneededby,approximateendingdate,Comments,createdat
Courtney Rivera,Courtney,08017655205,IT,Network Engineer,courtney.rivera@example.com,832585,"New extension to an existing, inactive socket",Other... (spare adapter or special desk mount); SIM card only; Mobile phone,Permanent use,2025-11-12,,Sample comments,2025-10-24
Tammy Smith,Tammy,07056967457,Compliance,Software Engineer,tammy.smith@example.com,425050175,New extension including new cabling and socket,Cordless handset; Mobile phone; Smartphone,Permanent use,2025-11-03,,Hot desk setup near meeting rooms,2025-10-24
Erica Hill,Erica,09110292698,Operations,Analyst,erica.hill@example.com,230814996,Other... (multi-line hunt group setup),Mobile phone; Cordless handset; Cordless headset,Permanent use,2025-11-09,,Sample comments,2025-10-24
Amy Turner,Amy,09165640076,Compliance,Network Engineer,amy.turner@example.com,4408206,Other... (multi-line hunt group setup),Smartphone; Other... (spare adapter or special desk mount),Permanent use,2025-11-10,,User requests digital line,2025-10-24
Sara Curtis,Sara,08196712915,Finance,Data Engineer,sara.curtis@example.com,5540221908,New extension including new cabling and socket,Handset speaker phone; Mobile phone; SIM card only,Temporary use (three months or less),2025-10-28,2025-11-22,Replace faulty handset,2025-10-24
Brent Anderson,Brent,08118395498,Data,Ops Associate,brent.anderson@example.com,0144313,Swap of telephone extensions,Mobile phone,Temporary use (three months or less),2025-10-25,2025-12-12,Hot desk setup near meeting rooms,2025-10-24
Charles Smith,Charles,09186338072,Data,Data Engineer,charles.smith@example.com,764815,"Relocate an existing extension to an existing inactive, socket",SIM card only; Handset speaker phone,Permanent use,2025-11-07,,New hire onboarding,2025-10-24
Allison Barnes,Allison,08005752710,Finance,Network Engineer,allison.barnes@example.com,486008396,Convert existing extension from analogue to digital,Cordless handset; Mobile phone; SIM card only,Temporary use (three months or less),2025-10-25,2025-12-03,Sample comments,2025-10-24
Lee Martinez,Lee,07075213799,IT,Marketing Specialist,lee.martinez@example.com,7069259975,Relocate existing to a new location,Other... (spare adapter or special desk mount); Cordless headset; Mobile phone,Permanent use,2025-11-06,,Replace faulty handset,2025-10-24
Colleen Dawson,Colleen,09076195328,People,Product Manager,colleen.dawson@example.com,3445755,"New extension to an existing, inactive socket",Other... (spare adapter or special desk mount); SIM card only; Cordless headset,Permanent use,2025-11-11,,Sample comments,2025-10-24
Jason Rivera,Jason,09019896729,Support,Network Engineer,jason.rivera@example.com,090118652,Swap of telephone extensions,Cordless headset,Temporary use (three months or less),2025-10-26,2026-01-05,User requests digital line,2025-10-24
Charles Davis,Charles,08155930158,Data,Analyst,charles.davis@example.com,144187824,New extension including new cabling and socket,Other... (spare adapter or special desk mount),Permanent use,2025-11-02,,Relocation to 3rd floor,2025-10-24
Stephen Bennett,Stephen,07025977757,Engineering,Data Engineer,stephen.bennett@example.com,456282,Other... (multi-line hunt group setup),Cordless headset,Temporary use (three months or less),2025-11-01,2025-12-06,Desk move in 2 weeks,2025-10-24
Douglas Mccoy,Douglas,09090884422,Engineering,Ops Associate,douglas.mccoy@example.com,37375661,Swap of telephone extensions,Other... (spare adapter or special desk mount),Permanent use,2025-11-01,,User requests digital line,2025-10-24
Mark Smith,Mark,09157161195,Finance,Compliance Analyst,mark.smith@example.com,757703578,Relocate existing to a new location,Smartphone; Cordless headset,Permanent use,2025-10-28,,Relocation to 3rd floor,2025-10-24
Laura Jackson,Laura,08102976441,Marketing,Network Engineer,laura.jackson@example.com,7466250616,Other... (multi-line hunt group setup),Handset speaker phone; Smartphone; Cordless handset,Temporary use (three months or less),2025-11-11,2026-01-02,Replace faulty handset,2025-10-24
Joseph Ochoa,Joseph,08183987483,People,Analyst,joseph.ochoa@example.com,149216,New extension including new cabling and socket,Mobile phone,Temporary use (three months or less),2025-11-09,2025-11-24,Replace faulty handset,2025-10-24
Morgan Lloyd,Morgan,08047668095,Engineering,Data Engineer,morgan.lloyd@example.com,39302682,Relocate existing to a new location,Mobile phone; Cordless handset,Temporary use (three months or less),2025-10-31,2025-12-31,New hire onboarding,2025-10-24
Hannah Martin DDS,Hannah,08161457204,Operations,Ops Associate,hannah.martin.dds@example.com,3640722391,Convert existing extension from analogue to digital,Cordless headset; Mobile phone,Permanent use,2025-10-26,,User requests digital line,2025-10-24
Elizabeth Gordon,Elizabeth,09036275923,Finance,Compliance Analyst,elizabeth.gordon@example.com,598923539,"Relocate an existing extension to an existing inactive, socket",Handset speaker phone; SIM card only; Cordless headset,Temporary use (three months or less),2025-11-04,2026-01-25,Replace faulty handset,2025-10-24
Patrick Brown,Patrick,09194881540,Data,Ops Associate,patrick.brown@example.com,46576110,Relocate existing to a new location,Cordless handset; Handset speaker phone,Temporary use (three months or less),2025-11-12,2026-01-13,Replace faulty handset,2025-10-24
Corey Mclean,Corey,07073967262,Engineering,Finance Officer,corey.mclean@example.com,244150086,Other... (multi-line hunt group setup),Mobile phone,Temporary use (three months or less),2025-11-11,2026-01-27,Hot desk setup near meeting rooms,2025-10-24
Michelle Kelley,Michelle,08011030120,Data,Marketing Specialist,michelle.kelley@example.com,8026238012,New extension including new cabling and socket,Handset speaker phone; SIM card only; Other... (spare adapter or special desk mount),Temporary use (three months or less),2025-11-03,2025-12-02,Replace faulty handset,2025-10-24
Victor Soto,Victor,08065666181,Sales,Marketing Specialist,victor.soto@example.com,5516255,Convert existing extension from analogue to digital,SIM card only; Other... (spare adapter or special desk mount),Temporary use (three months or less),2025-10-31,2025-12-02,Sample comments,2025-10-24
Mark Terry,Mark,08060884645,Data,Finance Officer,mark.terry@example.com,1824019,"New extension to an existing, inactive socket",Mobile phone; Cordless handset; Smartphone,Permanent use,2025-10-26,,New hire onboarding,2025-10-24
Amber Lewis,Amber,08132362932,Compliance,IT Support,amber.lewis@example.com,181378,Swap of telephone extensions,Other... (spare adapter or special desk mount),Permanent use,2025-10-29,,Desk move in 2 weeks,2025-10-24
Christina Carpenter,Christina,08144335581,Marketing,Compliance Analyst,christina.carpenter@example.com,856757815,Swap of telephone extensions,Mobile phone; Cordless headset,Permanent use,2025-11-02,,Relocation to 3rd floor,2025-10-24
Katrina Conner,Katrina,09026332725,Finance,Product Manager,katrina.conner@example.com,071112566,Swap of telephone extensions,Cordless handset; Handset speaker phone,Permanent use,2025-11-01,,Hot desk setup near meeting rooms,2025-10-24
Erik Wells,Erik,09177783640,IT,IT Support,erik.wells@example.com,4984764,Relocate existing to a new location,Other... (spare adapter or special desk mount); Cordless headset,Permanent use,2025-11-14,,Replace faulty handset,2025-10-24
Wendy Curtis,Wendy,09093617810,IT,Analyst,wendy.curtis@example.com,935983080,New extension including new cabling and socket,Handset speaker phone; Cordless handset,Permanent use,2025-10-28,,Team expansion,2025-10-24
Michael Ingram,Michael,08017480554,Data,Product Manager,michael.ingram@example.com,983158,"New extension to an existing, inactive socket",Handset speaker phone; Cordless headset; Other... (spare adapter or special desk mount),Permanent use,2025-10-29,,User requests digital line,2025-10-24
Charles White,Charles,08027940432,Finance,Finance Officer,charles.white@example.com,172390,Swap of telephone extensions,Handset speaker phone; Mobile phone; SIM card only,Permanent use,2025-10-29,,Team expansion,2025-10-24
Lisa Henderson,Lisa,08161326851,Operations,Analyst,lisa.henderson@example.com,745034473,"Relocate an existing extension to an existing inactive, socket",Smartphone; Handset speaker phone; Cordless handset,Temporary use (three months or less),2025-10-28,2026-01-24,Team expansion,2025-10-24
Claudia Harrison,Claudia,09019206651,Engineering,Data Engineer,claudia.harrison@example.com,937764460,Convert existing extension from analogue to digital,Cordless handset; SIM card only; Other... (spare adapter or special desk mount),Temporary use (three months or less),2025-10-26,2025-12-13,Sample comments,2025-10-24
Mr. Alexander Barnes,Mr.,08189519195,Marketing,Finance Officer,mr..alexander.barnes@example.com,1358741,Swap of telephone extensions,Other... (spare adapter or special desk mount); Mobile phone,Permanent use,2025-11-13,,Replace faulty handset,2025-10-24
Brian Campbell,Brian,08027503607,Support,Analyst,brian.campbell@example.com,9072617,"Relocate an existing extension to an existing inactive, socket",SIM card only,Permanent use,2025-11-01,,Sample comments,2025-10-24
Robert Anderson,Robert,09098098337,Sales,Marketing Specialist,robert.anderson@example.com,9267541,Swap of telephone extensions,Cordless handset; SIM card only,Permanent use,2025-11-02,,Hot desk setup near meeting rooms,2025-10-24
Chelsea Stephens,Chelsea,09059779169,IT,IT Support,chelsea.stephens@example.com,0726784366,Other... (multi-line hunt group setup),Mobile phone,Temporary use (three months or less),2025-11-03,2025-12-19,User requests digital line,2025-10-24
Jessica Archer,Jessica,07078787221,Sales,Compliance Analyst,jessica.archer@example.com,079592272,Convert existing extension from analogue to digital,Smartphone; Cordless headset; SIM card only,Permanent use,2025-11-14,,User requests digital line,2025-10-24
Andrew Fernandez,Andrew,09000831957,Finance,Software Engineer,andrew.fernandez@example.com,3063863,Relocate existing to a new location,Smartphone,Permanent use,2025-11-06,,Hot desk setup near meeting rooms,2025-10-24
Robert Fuller,Robert,07024484159,Marketing,Marketing Specialist,robert.fuller@example.com,9515597,Other... (multi-line hunt group setup),SIM card only; Cordless headset,Temporary use (three months or less),2025-10-28,2025-12-14,User requests digital line,2025-10-24
Krystal Diaz MD,Krystal,09029057162,Marketing,Network Engineer,krystal.diaz.md@example.com,2842062,"Relocate an existing extension to an existing inactive, socket",Other... (spare adapter or special desk mount); Handset speaker phone,Permanent use,2025-11-08,,Replace faulty handset,2025-10-24
Cheryl Allen,Cheryl,09076595787,Compliance,Network Engineer,cheryl.allen@example.com,6747411,Relocate existing to a new location,Other... (spare adapter or special desk mount); Handset speaker phone; SIM card only,Permanent use,2025-11-06,,Hot desk setup near meeting rooms,2025-10-24
Stephanie Irwin,Stephanie,09073529559,Marketing,Product Manager,stephanie.irwin@example.com,7526277846,Swap of telephone extensions,Cordless headset,Temporary use (three months or less),2025-10-30,2025-12-23,User requests digital line,2025-10-24
Patricia Montgomery,Patricia,08185594381,Compliance,Compliance Analyst,patricia.montgomery@example.com,7333111122,New extension including new cabling and socket,Handset speaker phone; Cordless headset,Permanent use,2025-11-05,,New hire onboarding,2025-10-24
David Stevens,David,09002669201,Marketing,Data Engineer,david.stevens@example.com,8519441906,"Relocate an existing extension to an existing inactive, socket",Mobile phone; Cordless headset; Cordless handset,Permanent use,2025-10-29,,Sample comments,2025-10-24
Dawn Davis,Dawn,08075890931,IT,Analyst,dawn.davis@example.com,59284561,Swap of telephone extensions,Cordless headset; SIM card only,Temporary use (three months or less),2025-11-14,2026-01-30,New hire onboarding,2025-10-24
Ronald Williams,Ronald,09156887196,Compliance,Finance Officer,ronald.williams@example.com,364853,Other... (multi-line hunt group setup),Cordless handset; Smartphone; Mobile phone,Permanent use,2025-11-04,,Relocation to 3rd floor,2025-10-24
Anita Holden,Anita,09157005153,People,Marketing Specialist,anita.holden@example.com,2566843,Other... (multi-line hunt group setup),Smartphone; Cordless headset,Temporary use (three months or less),2025-11-10,2025-12-24,New hire onboarding,2025-10-24
Michele Logan DDS,Michele,08133479921,Finance,Marketing Specialist,michele.logan.dds@example.com,6663678540,New extension including new cabling and socket,Mobile phone,Temporary use (three months or less),2025-10-27,2025-12-05,Team expansion,2025-10-24
Karla Rose,Karla,08095002153,People,Product Manager,karla.rose@example.com,7418744561,Convert existing extension from analogue to digital,Smartphone; Cordless headset,Permanent use,2025-11-04,,Desk move in 2 weeks,2025-10-24
Judy Villegas,Judy,07042503884,Sales,Network Engineer,judy.villegas@example.com,2947698076,Swap of telephone extensions,Handset speaker phone; Cordless headset; Smartphone,Permanent use,2025-10-29,,Relocation to 3rd floor,2025-10-24
Cory Sanchez,Cory,08176366611,IT,Software Engineer,cory.sanchez@example.com,53199894,Relocate existing to a new location,Cordless handset; Smartphone,Permanent use,2025-11-04,,Hot desk setup near meeting rooms,2025-10-24
William Holloway,William,08030234857,Compliance,Finance Officer,william.holloway@example.com,7062372486,"Relocate an existing extension to an existing inactive, socket",Cordless handset,Temporary use (three months or less),2025-11-02,2025-12-01,User requests digital line,2025-10-24
John Smith,John,08057356431,Support,Ops Associate,john.smith@example.com,3799156,"Relocate an existing extension to an existing inactive, socket",Other... (spare adapter or special desk mount); Mobile phone,Temporary use (three months or less),2025-11-14,2026-01-16,New hire onboarding,2025-10-24
Robert Lopez,Robert,08122782009,Engineering,Software Engineer,robert.lopez@example.com,801698661,"New extension to an existing, inactive socket",Other... (spare adapter or special desk mount),Permanent use,2025-10-30,,Sample comments,2025-10-24
Jacob Cantu,Jacob,07063007276,Operations,Analyst,jacob.cantu@example.com,447839,"Relocate an existing extension to an existing inactive, socket",Mobile phone; Smartphone,Permanent use,2025-11-07,,Team expansion,2025-10-24
Brian Soto,Brian,08083838122,People,Compliance Analyst,brian.soto@example.com,7616010,"Relocate an existing extension to an existing inactive, socket",Cordless handset,Permanent use,2025-10-29,,Sample comments,2025-10-24
Mr. Michael Fitzgerald DVM,Mr.,07077097482,Data,IT Support,mr..michael.fitzgerald.dvm@example.com,40992061,"Relocate an existing extension to an existing inactive, socket",Other... (spare adapter or special desk mount); Handset speaker phone; Mobile phone,Temporary use (three months or less),2025-11-11,2026-01-25,Replace faulty handset,2025-10-24
Beth Bowman,Beth,08188680570,Support,Data Engineer,beth.bowman@example.com,9753878117,Convert existing extension from analogue to digital,Cordless handset; Other... (spare adapter or special desk mount); Handset speaker phone,Temporary use (three months or less),2025-11-07,2026-01-23,Hot desk setup near meeting rooms,2025-10-24
Benjamin Beck,Benjamin,08113370080,Support,Software Engineer,benjamin.beck@example.com,0589345,Relocate existing to a new location,Smartphone; Mobile phone; Handset speaker phone,Temporary use (three months or less),2025-10-31,2026-01-27,Sample comments,2025-10-24
Joshua Walls,Joshua,09035018372,Finance,Product Manager,joshua.walls@example.com,80236867,"New extension to an existing, inactive socket",Other... (spare adapter or special desk mount); Smartphone,Permanent use,2025-11-04,,Desk move in 2 weeks,2025-10-24
Karen Russell,Karen,09096310137,IT,Compliance Analyst,karen.russell@example.com,0856283,"Relocate an existing extension to an existing inactive, socket",Mobile phone; Cordless headset; Smartphone,Permanent use,2025-11-11,,Replace faulty handset,2025-10-24
Jordan Miranda,Jordan,08030957331,Sales,Software Engineer,jordan.miranda@example.com,02999410,Relocate existing to a new location,Other... (spare adapter or special desk mount); Mobile phone,Temporary use (three months or less),2025-10-26,2025-12-19,New hire onboarding,2025-10-24
Felicia Hall,Felicia,07096009643,People,Data Engineer,felicia.hall@example.com,6082110,New extension including new cabling and socket,SIM card only,Temporary use (three months or less),2025-11-13,2026-01-04,User requests digital line,2025-10-24
Laura Smith,Laura,08159154945,Finance,Network Engineer,laura.smith@example.com,3087776815,"Relocate an existing extension to an existing inactive, socket",Handset speaker phone,Temporary use (three months or less),2025-11-01,2026-01-27,New hire onboarding,2025-10-24
Crystal Glass,Crystal,09173706288,Compliance,Product Manager,crystal.glass@example.com,585402993,Swap of telephone extensions,Other... (spare adapter or special desk mount),Permanent use,2025-11-13,,Team expansion,2025-10-24
Louis Butler,Louis,09101535095,People,Product Manager,louis.butler@example.com,30228236,"Relocate an existing extension to an existing inactive, socket",Smartphone; Mobile phone,Temporary use (three months or less),2025-11-12,2025-12-17,Sample comments,2025-10-24
Kathryn Hartman,Kathryn,07031709330,Engineering,Ops Associate,kathryn.hartman@example.com,958917611,Convert existing extension from analogue to digital,Mobile phone; SIM card only; Cordless headset,Temporary use (three months or less),2025-11-08,2025-12-23,Team expansion,2025-10-24
Julie Cole,Julie,09044142446,Sales,Analyst,julie.cole@example.com,716903,Convert existing extension from analogue to digital,Handset speaker phone; Mobile phone; Cordless handset,Permanent use,2025-10-25,,Sample comments,2025-10-24
Amy Johnson,Amy,07012738514,Support,Software Engineer,amy.johnson@example.com,748073437,"New extension to an existing, inactive socket",Other... (spare adapter or special desk mount); Cordless handset; Mobile phone,Permanent use,2025-11-03,,New hire onboarding,2025-10-24
Sarah Holloway,Sarah,07035200618,Engineering,Software Engineer,sarah.holloway@example.com,650345,Swap of telephone extensions,Handset speaker phone,Temporary use (three months or less),2025-10-31,2026-01-19,Hot desk setup near meeting rooms,2025-10-24
John Torres,John,07097402313,Finance,Data Engineer,john.torres@example.com,6919926561,"New extension to an existing, inactive socket",Mobile phone; Handset speaker phone; Cordless headset,Permanent use,2025-11-04,,Replace faulty handset,2025-10-24
Jared Wood,Jared,08080862259,Data,Software Engineer,jared.wood@example.com,475534294,New extension including new cabling and socket,Smartphone; Mobile phone,Temporary use (three months or less),2025-10-28,2025-11-23,User requests digital line,2025-10-24
Terri Hunt,Terri,09159526326,Support,IT Support,terri.hunt@example.com,5804338,Relocate existing to a new location,SIM card only,Temporary use (three months or less),2025-11-04,2025-12-03,Hot desk setup near meeting rooms,2025-10-24
William Williams,William,08168833816,Compliance,Analyst,william.williams@example.com,722047109,"New extension to an existing, inactive socket",Cordless headset; Cordless handset; Mobile phone,Temporary use (three months or less),2025-10-28,2025-11-24,New hire onboarding,2025-10-24
Christopher Garcia,Christopher,08011765262,Data,Product Manager,christopher.garcia@example.com,656057735,New extension including new cabling and socket,SIM card only; Other... (spare adapter or special desk mount); Cordless headset,Permanent use,2025-11-08,,Hot desk setup near meeting rooms,2025-10-24
Marcus Jones,Marcus,08120680441,Support,IT Support,marcus.jones@example.com,3642168458,New extension including new cabling and socket,Cordless headset,Temporary use (three months or less),2025-11-10,2026-01-12,Hot desk setup near meeting rooms,2025-10-24
Vickie Vargas,Vickie,08020353652,Engineering,IT Support,vickie.vargas@example.com,438179464,"New extension to an existing, inactive socket",Cordless headset; Smartphone; Other... (spare adapter or special desk mount),Temporary use (three months or less),2025-11-11,2025-12-29,Replace faulty handset,2025-10-24
Chris Moreno,Chris,09153795075,IT,Compliance Analyst,chris.moreno@example.com,310894,Swap of telephone extensions,Cordless handset; Mobile phone; SIM card only,Permanent use,2025-10-31,,Hot desk setup near meeting rooms,2025-10-24
Michael Jackson,Michael,09025809430,Data,IT Support,michael.jackson@example.com,05389757,"New extension to an existing, inactive socket",Handset speaker phone; SIM card only; Smartphone,Permanent use,2025-11-11,,Sample comments,2025-10-24
Dustin Khan,Dustin,09032596973,Operations,Ops Associate,dustin.khan@example.com,22220572,Convert existing extension from analogue to digital,Other... (spare adapter or special desk mount); Smartphone; Mobile phone,Temporary use (three months or less),2025-11-05,2026-01-06,Hot desk setup near meeting rooms,2025-10-24
Lynn Robertson,Lynn,08003039919,Support,Marketing Specialist,lynn.robertson@example.com,6246662,Convert existing extension from analogue to digital,Handset speaker phone; Cordless handset,Permanent use,2025-11-09,,User requests digital line,2025-10-24
Dana Adams DDS,Dana,08119960123,Engineering,Data Engineer,dana.adams.dds@example.com,7363618,Convert existing extension from analogue to digital,Handset speaker phone; Smartphone,Temporary use (three months or less),2025-11-08,2026-01-09,Team expansion,2025-10-24
Christopher Wilson,Christopher,09081155777,Support,Ops Associate,christopher.wilson@example.com,4340424,"New extension to an existing, inactive socket",Cordless headset,Permanent use,2025-11-02,,Replace faulty handset,2025-10-24
Jillian Hall,Jillian,09090296756,Compliance,Ops Associate,jillian.hall@example.com,822982,"Relocate an existing extension to an existing inactive, socket",Cordless handset,Temporary use (three months or less),2025-10-27,2025-12-09,Team expansion,2025-10-24
Stephanie Smith,Stephanie,08056989757,IT,Finance Officer,stephanie.smith@example.com,0189639,"Relocate an existing extension to an existing inactive, socket",Smartphone,Permanent use,2025-10-31,,Sample comments,2025-10-24
Alexandra Rios,Alexandra,09025860904,People,Network Engineer,alexandra.rios@example.com,8116316,Relocate existing to a new location,Smartphone; Cordless headset,Temporary use (three months or less),2025-10-30,2025-11-29,New hire onboarding,2025-10-24
Vanessa Mcdowell,Vanessa,08065757160,Support,Product Manager,vanessa.mcdowell@example.com,0075125827,"New extension to an existing, inactive socket",Cordless headset,Permanent use,2025-11-05,,User requests digital line,2025-10-24
Sarah Campbell,Sarah,08122725646,Compliance,Finance Officer,sarah.campbell@example.com,075677,"Relocate an existing extension to an existing inactive, socket",Smartphone; Cordless headset; Cordless handset,Temporary use (three months or less),2025-11-02,2025-11-25,Replace faulty handset,2025-10-24
Nathaniel Chambers,Nathaniel,07037985452,IT,Network Engineer,nathaniel.chambers@example.com,272073,Relocate existing to a new location,Other... (spare adapter or special desk mount); Cordless headset; Handset speaker phone,Permanent use,2025-11-04,,New hire onboarding,2025-10-24
Cathy Smith,Cathy,09108629575,Compliance,Analyst,cathy.smith@example.com,4360622,Relocate existing to a new location,SIM card only; Mobile phone,Temporary use (three months or less),2025-11-10,2026-01-14,Relocation to 3rd floor,2025-10-24
Brianna Lynch,Brianna,09076763918,Data,IT Support,brianna.lynch@example.com,769153694,"Relocate an existing extension to an existing inactive, socket",Cordless headset; Smartphone; SIM card only,Permanent use,2025-11-14,,User requests digital line,2025-10-24
Lisa Carter,Lisa,09019088512,Operations,Analyst,lisa.carter@example.com,0734443,Other... (multi-line hunt group setup),Other... (spare adapter or special desk mount); Handset speaker phone,Temporary use (three months or less),2025-11-13,2025-12-05,Sample comments,2025-10-24
Summer Leach,Summer,09112478825,Data,Software Engineer,summer.leach@example.com,530824,Swap of telephone extensions,Handset speaker phone; SIM card only; Cordless headset,Temporary use (three months or less),2025-11-08,2026-01-16,Sample comments,2025-10-24
Randall Lawson,Randall,08186844910,Support,Compliance Analyst,randall.lawson@example.com,699459387,Relocate existing to a new location,Other... (spare adapter or special desk mount); Cordless handset; Mobile phone,Permanent use,2025-11-01,,Sample comments,2025-10-24
Larry Nelson,Larry,07015820694,IT,Marketing Specialist,larry.nelson@example.com,081163,"Relocate an existing extension to an existing inactive, socket",SIM card only; Smartphone; Other... (spare adapter or special desk mount),Temporary use (three months or less),2025-11-09,2026-01-19,Hot desk setup near meeting rooms,2025-10-24
Cristian Gilmore,Cristian,08089867423,Compliance,Ops Associate,cristian.gilmore@example.com,1600586626,Other... (multi-line hunt group setup),Other... (spare adapter or special desk mount),Temporary use (three months or less),2025-10-28,2025-12-28,Replace faulty handset,2025-10-24
Sherri Leblanc,Sherri,09165314884,Support,Finance Officer,sherri.leblanc@example.com,446888,"New extension to an existing, inactive socket",Cordless headset; Other... (spare adapter or special desk mount),Permanent use,2025-11-05,,Replace faulty handset,2025-10-24
Wendy Fuentes,Wendy,09070324917,Sales,IT Support,wendy.fuentes@example.com,392523,Swap of telephone extensions,Cordless headset,Temporary use (three months or less),2025-10-25,2026-01-13,Team expansion,2025-10-24
Dylan Reyes,Dylan,07067085996,Compliance,Data Engineer,dylan.reyes@example.com,407908163,"Relocate an existing extension to an existing inactive, socket",Cordless headset; SIM card only; Handset speaker phone,Permanent use,2025-11-06,,Hot desk setup near meeting rooms,2025-10-24
Gina Figueroa,Gina,09024946977,Finance,Data Engineer,gina.figueroa@example.com,0334363,"New extension to an existing, inactive socket",Mobile phone; Smartphone; SIM card only,Temporary use (three months or less),2025-10-25,2025-11-30,Replace faulty handset,2025-10-24
Christopher Escobar,Christopher,07034920877,Sales,Data Engineer,christopher.escobar@example.com,1631901,New extension including new cabling and socket,Smartphone; Handset speaker phone; SIM card only,Permanent use,2025-10-26,,Desk move in 2 weeks,2025-10-24
Dustin Adkins MD,Dustin,08103970937,IT,Finance Officer,dustin.adkins.md@example.com,382514520,Swap of telephone extensions,Cordless handset; Cordless headset,Permanent use,2025-10-28,,Replace faulty handset,2025-10-24
Kyle Middleton,Kyle,08105101196,Engineering,Analyst,kyle.middleton@example.com,0367566,Convert existing extension from analogue to digital,Mobile phone,Temporary use (three months or less),2025-10-29,2025-12-30,Sample comments,2025-10-24
Benjamin Ward,Benjamin,08057960432,People,IT Support,benjamin.ward@example.com,1425030786,Swap of telephone extensions,Other... (spare adapter or special desk mount); Mobile phone,Permanent use,2025-10-26,,Desk move in 2 weeks,2025-10-24
Kenneth Price,Kenneth,08093401884,Support,Marketing Specialist,kenneth.price@example.com,968658401,Convert existing extension from analogue to digital,Handset speaker phone,Permanent use,2025-11-01,,User requests digital line,2025-10-24
Lindsey King,Lindsey,09146677619,Sales,Analyst,lindsey.king@example.com,74239968,Relocate existing to a new location,SIM card only; Other... (spare adapter or special desk mount),Permanent use,2025-11-08,,Desk move in 2 weeks,2025-10-24
Susan Ali,Susan,09069526497,Engineering,Analyst,susan.ali@example.com,619174,Other... (multi-line hunt group setup),Other... (spare adapter or special desk mount); Smartphone,Permanent use,2025-11-06,,Sample comments,2025-10-24
Philip Lee,Philip,08144323566,People,Marketing Specialist,philip.lee@example.com,1192193030,"New extension to an existing, inactive socket",Cordless handset,Temporary use (three months or less),2025-10-27,2025-11-10,Relocation to 3rd floor,2025-10-24
Deanna Nguyen,Deanna,07043080226,Data,Ops Associate,deanna.nguyen@example.com,32774742,"New extension to an existing, inactive socket",Smartphone; SIM card only; Cordless handset,Permanent use,2025-10-26,,Replace faulty handset,2025-10-24
Tommy Mendez,Tommy,08095589579,Engineering,Product Manager,tommy.mendez@example.com,083043556,"New extension to an existing, inactive socket",Mobile phone,Temporary use (three months or less),2025-11-04,2026-01-31,Replace faulty handset,2025-10-24
Steven Moss,Steven,09196495061,People,Data Engineer,steven.moss@example.com,94353532,Swap of telephone extensions,Cordless handset,Permanent use,2025-10-29,,Team expansion,2025-10-24
Andrea Jensen,Andrea,09031056532,Compliance,Compliance Analyst,andrea.jensen@example.com,5494328,Other... (multi-line hunt group setup),Smartphone; Other... (spare adapter or special desk mount),Permanent use,2025-11-11,,Sample comments,2025-10-24
Kayla Daniels,Kayla,08068097684,Support,Software Engineer,kayla.daniels@example.com,919462137,New extension including new cabling and socket,Handset speaker phone; SIM card only; Smartphone,Temporary use (three months or less),2025-11-05,2025-12-03,Replace faulty handset,2025-10-24
David Miller,David,09183811543,People,Compliance Analyst,david.miller@example.com,873530,"New extension to an existing, inactive socket",Smartphone; Handset speaker phone; SIM card only,Permanent use,2025-11-12,,Hot desk setup near meeting rooms,2025-10-24
Elizabeth Myers,Elizabeth,08085088800,People,Ops Associate,elizabeth.myers@example.com,5032172864,Relocate existing to a new location,Handset speaker phone,Temporary use (three months or less),2025-11-05,2025-11-27,Relocation to 3rd floor,2025-10-24
Lucas Williams,Lucas,07025900145,Compliance,IT Support,lucas.williams@example.com,9892776,Relocate existing to a new location,Handset speaker phone,Permanent use,2025-10-27,,Relocation to 3rd floor,2025-10-24
Kevin White,Kevin,08045768012,IT,IT Support,kevin.white@example.com,26471288,"Relocate an existing extension to an existing inactive, socket",SIM card only; Cordless handset,Permanent use,2025-11-05,,Relocation to 3rd floor,2025-10-24
Derek Daniels,Derek,09005662729,People,Analyst,derek.daniels@example.com,6012651925,Swap of telephone extensions,Other... (spare adapter or special desk mount); SIM card only; Cordless headset,Permanent use,2025-10-25,,User requests digital line,2025-10-24
Ronald Anderson,Ronald,07008844429,Operations,Finance Officer,ronald.anderson@example.com,8746379,"New extension to an existing, inactive socket",Mobile phone,Temporary use (three months or less),2025-11-05,2025-12-18,Relocation to 3rd floor,2025-10-24
Jennifer Gill,Jennifer,07068859323,Sales,Product Manager,jennifer.gill@example.com,062705,"New extension to an existing, inactive socket",Cordless headset,Permanent use,2025-11-01,,Hot desk setup near meeting rooms,2025-10-24
Emily Allison,Emily,07008322164,Marketing,Product Manager,emily.allison@example.com,283363260,Other... (multi-line hunt group setup),Cordless handset; Cordless headset,Temporary use (three months or less),2025-10-30,2025-11-16,Desk move in 2 weeks,2025-10-24
Tammy Thompson,Tammy,08131761121,Data,Marketing Specialist,tammy.thompson@example.com,469824,New extension including new cabling and socket,Handset speaker phone; Other... (spare adapter or special desk mount),Temporary use (three months or less),2025-11-01,2026-01-02,Desk move in 2 weeks,2025-10-24
Colleen Watson,Colleen,07098910181,Compliance,Network Engineer,colleen.watson@example.com,2394614296,"Relocate an existing extension to an existing inactive, socket",SIM card only; Mobile phone; Smartphone,Temporary use (three months or less),2025-11-09,2025-12-05,Hot desk setup near meeting rooms,2025-10-24
Roger Harris,Roger,09070244341,Operations,Marketing Specialist,roger.harris@example.com,03661727,Relocate existing to a new location,Cordless handset; Handset speaker phone,Temporary use (three months or less),2025-10-26,2025-12-20,Replace faulty handset,2025-10-24
Amanda Watkins,Amanda,09063870727,People,Ops Associate,amanda.watkins@example.com,65048845,New extension including new cabling and socket,Handset speaker phone; Cordless headset,Permanent use,2025-10-31,,New hire onboarding,2025-10-24
Kimberly Edwards,Kimberly,07023315532,Marketing,Finance Officer,kimberly.edwards@example.com,0388231896,Relocate existing to a new location,Handset speaker phone; SIM card only,Permanent use,2025-11-03,,Replace faulty handset,2025-10-24
Kevin Lopez,Kevin,08025407443,Data,Marketing Specialist,kevin.lopez@example.com,7393873551,Convert existing extension from analogue to digital,Cordless headset; SIM card only; Mobile phone,Temporary use (three months or less),2025-11-12,2025-12-09,Team expansion,2025-10-24
Robert Smith MD,Robert,09016568287,IT,Analyst,robert.smith.md@example.com,05803683,Relocate existing to a new location,SIM card only,Temporary use (three months or less),2025-10-26,2025-11-17,Relocation to 3rd floor,2025-10-24
Lisa Gonzalez,Lisa,07013649469,Marketing,IT Support,lisa.gonzalez@example.com,883643452,Relocate existing to a new location,Cordless headset; Smartphone; Other... (spare adapter or special desk mount),Permanent use,2025-11-03,,New hire onboarding,2025-10-24
Zachary Mcneil,Zachary,09043270055,Sales,Network Engineer,zachary.mcneil@example.com,691887,"New extension to an existing, inactive socket",Cordless handset; SIM card only,Temporary use (three months or less),2025-11-02,2025-12-10,Desk move in 2 weeks,2025-10-24
Javier Brown,Javier,08172434056,Sales,Compliance Analyst,javier.brown@example.com,5542902,Relocate existing to a new location,SIM card only; Cordless handset,Permanent use,2025-11-13,,Desk move in 2 weeks,2025-10-24
Mary Wilson,Mary,08194811383,Data,IT Support,mary.wilson@example.com,651710,"Relocate an existing extension to an existing inactive, socket",SIM card only,Temporary use (three months or less),2025-11-05,2025-12-23,Sample comments,2025-10-24
Becky Ellison,Becky,08092405532,Compliance,Data Engineer,becky.ellison@example.com,6796223932,"Relocate an existing extension to an existing inactive, socket",SIM card only,Temporary use (three months or less),2025-11-06,2026-01-26,New hire onboarding,2025-10-24
Patrick Jones,Patrick,09143525219,Sales,IT Support,patrick.jones@example.com,369176,"Relocate an existing extension to an existing inactive, socket",Cordless handset; Mobile phone; Other... (spare adapter or special desk mount),Permanent use,2025-10-27,,Desk move in 2 weeks,2025-10-24
Christopher Cochran,Christopher,08079971560,Finance,IT Support,christopher.cochran@example.com,01089268,"Relocate an existing extension to an existing inactive, socket",Cordless headset; Other... (spare adapter or special desk mount),Temporary use (three months or less),2025-11-02,2025-12-16,Replace faulty handset,2025-10-24
Peter Bell,Peter,09010865628,Data,Product Manager,peter.bell@example.com,2634898,Convert existing extension from analogue to digital,SIM card only; Handset speaker phone; Smartphone,Temporary use (three months or less),2025-11-03,2025-12-10,Desk move in 2 weeks,2025-10-24
James Williams,James,08193782676,IT,Analyst,james.williams@example.com,438597,"Relocate an existing extension to an existing inactive, socket",Handset speaker phone; Smartphone; SIM card only,Temporary use (three months or less),2025-11-13,2025-12-02,Team expansion,2025-10-24
Regina Alexander,Regina,08148139511,IT,Software Engineer,regina.alexander@example.com,8121567696,Convert existing extension from analogue to digital,Mobile phone; Other... (spare adapter or special desk mount); Handset speaker phone,Temporary use (three months or less),2025-11-06,2025-12-06,Relocation to 3rd floor,2025-10-24
Elizabeth Banks,Elizabeth,09121656366,People,Finance Officer,elizabeth.banks@example.com,961954,"Relocate an existing extension to an existing inactive, socket",Cordless handset; Cordless headset,Temporary use (three months or less),2025-11-13,2026-01-28,New hire onboarding,2025-10-24
Hannah Rodriguez,Hannah,07080519448,Support,Marketing Specialist,hannah.rodriguez@example.com,0459435327,Convert existing extension from analogue to digital,Cordless handset; Mobile phone; SIM card only,Permanent use,2025-10-31,,Desk move in 2 weeks,2025-10-24
Charles Wood,Charles,07019597498,People,Compliance Analyst,charles.wood@example.com,5925913,"Relocate an existing extension to an existing inactive, socket",Smartphone; Mobile phone,Temporary use (three months or less),2025-11-08,2025-12-13,New hire onboarding,2025-10-24
David Robles,David,09044987423,Operations,Network Engineer,david.robles@example.com,953680229,Convert existing extension from analogue to digital,Other... (spare adapter or special desk mount); Cordless handset; Mobile phone,Permanent use,2025-11-06,,Hot desk setup near meeting rooms,2025-10-24
Robert Gonzalez,Robert,07029908595,Support,Finance Officer,robert.gonzalez@example.com,74021006,Other... (multi-line hunt group setup),Cordless headset,Temporary use (three months or less),2025-11-08,2025-12-31,Relocation to 3rd floor,2025-10-24
Anthony Lopez,Anthony,07046898583,Finance,Data Engineer,anthony.lopez@example.com,521456157,New extension including new cabling and socket,Smartphone; SIM card only,Permanent use,2025-11-07,,Hot desk setup near meeting rooms,2025-10-24
Beth Smith,Beth,07089833583,Data,Software Engineer,beth.smith@example.com,358276252,Other... (multi-line hunt group setup),Mobile phone; Smartphone,Permanent use,2025-10-29,,User requests digital line,2025-10-24
Kevin Nielsen,Kevin,07093370240,IT,Finance Officer,kevin.nielsen@example.com,9077251526,New extension including new cabling and socket,Smartphone; Cordless headset,Temporary use (three months or less),2025-10-28,2025-12-21,Relocation to 3rd floor,2025-10-24
James Banks,James,07036263119,Engineering,Finance Officer,james.banks@example.com,3245916942,"New extension to an existing, inactive socket",Other... (spare adapter or special desk mount); Cordless handset; SIM card only,Temporary use (three months or less),2025-10-30,2025-12-07,Replace faulty handset,2025-10-24
Victor Nguyen,Victor,07040991768,People,Compliance Analyst,victor.nguyen@example.com,73440141,"Relocate an existing extension to an existing inactive, socket",Cordless headset; Cordless handset; Other... (spare adapter or special desk mount),Permanent use,2025-11-11,,New hire onboarding,2025-10-24
Richard Daniel,Richard,09070041178,Finance,Compliance Analyst,richard.daniel@example.com,071079832,Swap of telephone extensions,Cordless headset,Permanent use,2025-11-09,,Team expansion,2025-10-24
Katie Moreno,Katie,07074504036,Sales,Product Manager,katie.moreno@example.com,227491,New extension including new cabling and socket,Handset speaker phone,Temporary use (three months or less),2025-11-03,2025-12-30,Relocation to 3rd floor,2025-10-24
William Sexton,William,08093435212,Engineering,Analyst,william.sexton@example.com,7942304735,"Relocate an existing extension to an existing inactive, socket",Other... (spare adapter or special desk mount); SIM card only,Permanent use,2025-11-14,,Team expansion,2025-10-24
Julia Mccarthy,Julia,07075160810,Sales,Marketing Specialist,julia.mccarthy@example.com,003076935,"Relocate an existing extension to an existing inactive, socket",SIM card only; Smartphone,Permanent use,2025-11-01,,Replace faulty handset,2025-10-24
Michelle Ramsey,Michelle,09111391547,IT,Analyst,michelle.ramsey@example.com,1794859,"New extension to an existing, inactive socket",Mobile phone,Temporary use (three months or less),2025-11-05,2025-12-28,Sample comments,2025-10-24
Ryan Martinez,Ryan,07080103588,Sales,Software Engineer,ryan.martinez@example.com,30601468,New extension including new cabling and socket,Smartphone; Cordless handset; Mobile phone,Temporary use (three months or less),2025-11-09,2026-01-25,User requests digital line,2025-10-24
Glen Cox,Glen,07029724999,Finance,IT Support,glen.cox@example.com,025052,"Relocate an existing extension to an existing inactive, socket",Other... (spare adapter or special desk mount); Mobile phone; Cordless headset,Temporary use (three months or less),2025-10-29,2025-12-16,New hire onboarding,2025-10-24
Benjamin Bell,Benjamin,08066365286,IT,Analyst,benjamin.bell@example.com,886799,"Relocate an existing extension to an existing inactive, socket",SIM card only,Permanent use,2025-11-05,,Desk move in 2 weeks,2025-10-24
Deborah Chapman,Deborah,09126674115,Operations,Analyst,deborah.chapman@example.com,53235757,Convert existing extension from analogue to digital,SIM card only; Other... (spare adapter or special desk mount); Handset speaker phone,Permanent use,2025-11-03,,Team expansion,2025-10-24
Holly Davis,Holly,09063984976,People,Analyst,holly.davis@example.com,021747743,New extension including new cabling and socket,Handset speaker phone; Cordless handset; Other... (spare adapter or special desk mount),Permanent use,2025-10-26,,Relocation to 3rd floor,2025-10-24
Hannah Ware,Hannah,08005420690,Compliance,Network Engineer,hannah.ware@example.com,74128140,Swap of telephone extensions,Smartphone,Temporary use (three months or less),2025-11-10,2025-12-17,Relocation to 3rd floor,2025-10-24
Michael Bradley,Michael,08152343337,IT,Compliance Analyst,michael.bradley@example.com,237221001,Convert existing extension from analogue to digital,Cordless handset; SIM card only; Other... (spare adapter or special desk mount),Permanent use,2025-11-09,,Sample comments,2025-10-24
Deborah Rose,Deborah,08057263846,Finance,Marketing Specialist,deborah.rose@example.com,51144103,Other... (multi-line hunt group setup),SIM card only; Cordless handset,Permanent use,2025-11-01,,Replace faulty handset,2025-10-24
Robert Leonard,Robert,09103996130,Finance,Marketing Specialist,robert.leonard@example.com,71633689,Swap of telephone extensions,Mobile phone,Permanent use,2025-11-11,,Relocation to 3rd floor,2025-10-24
William Dickson,William,09183919718,Compliance,IT Support,william.dickson@example.com,350456,Convert existing extension from analogue to digital,Smartphone; Cordless headset; Mobile phone,Temporary use (three months or less),2025-10-27,2026-01-19,Relocation to 3rd floor,2025-10-24
Kenneth Jacobson,Kenneth,07078560980,Finance,Analyst,kenneth.jacobson@example.com,056736,New extension including new cabling and socket,SIM card only; Handset speaker phone; Smartphone,Permanent use,2025-11-10,,Replace faulty handset,2025-10-24
Samuel Anderson,Samuel,09000295440,People,Network Engineer,samuel.anderson@example.com,073684,"Relocate an existing extension to an existing inactive, socket",Handset speaker phone,Temporary use (three months or less),2025-10-27,2025-12-14,New hire onboarding,2025-10-24
Javier Cole,Javier,07023070185,Marketing,Data Engineer,javier.cole@example.com,0237346,Relocate existing to a new location,Handset speaker phone,Permanent use,2025-11-10,,Desk move in 2 weeks,2025-10-24
Michael Stafford,Michael,08169298199,People,Data Engineer,michael.stafford@example.com,270813667,Convert existing extension from analogue to digital,Cordless headset,Temporary use (three months or less),2025-11-09,2026-01-30,Team expansion,2025-10-24
Christopher Brewer,Christopher,07062377335,Compliance,Software Engineer,christopher.brewer@example.com,758666193,Relocate existing to a new location,Cordless handset; Cordless headset,Permanent use,2025-11-03,,Hot desk setup near meeting rooms,2025-10-24
Jennifer Wilson,Jennifer,08146899578,Marketing,Network Engineer,jennifer.wilson@example.com,9224858,Swap of telephone extensions,Other... (spare adapter or special desk mount); Mobile phone; Handset speaker phone,Permanent use,2025-11-11,,Replace faulty handset,2025-10-24
Mark Delgado,Mark,08015890748,Data,Software Engineer,mark.delgado@example.com,62251633,"New extension to an existing, inactive socket",SIM card only,Permanent use,2025-10-25,,Hot desk setup near meeting rooms,2025-10-24
Amanda Morales,Amanda,08073235585,Engineering,Marketing Specialist,amanda.morales@example.com,661565,New extension including new cabling and socket,Mobile phone; Cordless handset,Permanent use,2025-11-06,,New hire onboarding,2025-10-24
Christina Meyers,Christina,09152972818,IT,Analyst,christina.meyers@example.com,659775,Swap of telephone extensions,Other... (spare adapter or special desk mount),Permanent use,2025-11-07,,New hire onboarding,2025-10-24
Chad Bell,Chad,09194472145,Support,Compliance Analyst,chad.bell@example.com,93074532,Swap of telephone extensions,SIM card only; Other... (spare adapter or special desk mount); Cordless headset,Permanent use,2025-11-03,,Desk move in 2 weeks,2025-10-24
Stephanie Lambert,Stephanie,09158497336,IT,Finance Officer,stephanie.lambert@example.com,03754495,Convert existing extension from analogue to digital,Handset speaker phone; Cordless handset; Other... (spare adapter or special desk mount),Permanent use,2025-11-06,,User requests digital line,2025-10-24
Rebecca Chandler,Rebecca,08068474980,Marketing,Network Engineer,rebecca.chandler@example.com,883555950,Swap of telephone extensions,Other... (spare adapter or special desk mount); Handset speaker phone,Permanent use,2025-11-14,,Relocation to 3rd floor,2025-10-24
Betty Daniel,Betty,08191811555,Compliance,Ops Associate,betty.daniel@example.com,718364624,"New extension to an existing, inactive socket",Smartphone; Mobile phone; SIM card only,Temporary use (three months or less),2025-10-26,2026-01-22,Replace faulty handset,2025-10-24
Ronald Blankenship,Ronald,09027818496,People,Analyst,ronald.blankenship@example.com,65986078,Relocate existing to a new location,SIM card only,Temporary use (three months or less),2025-11-04,2025-11-24,Team expansion,2025-10-24
John Carter,John,07039204992,Data,Network Engineer,john.carter@example.com,87197251,Swap of telephone extensions,Cordless handset; Other... (spare adapter or special desk mount),Temporary use (three months or less),2025-10-27,2025-12-30,Team expansion,2025-10-24
Richard Baker,Richard,08120865053,Compliance,Marketing Specialist,richard.baker@example.com,383364194,Relocate existing to a new location,SIM card only; Cordless handset; Cordless headset,Permanent use,2025-10-26,,Hot desk setup near meeting rooms,2025-10-24
Randall Schroeder,Randall,07088910657,Data,Finance Officer,randall.schroeder@example.com,782296,"New extension to an existing, inactive socket",Mobile phone,Permanent use,2025-11-07,,User requests digital line,2025-10-24
Eric Freeman,Eric,08084389030,Sales,Analyst,eric.freeman@example.com,030869675,Convert existing extension from analogue to digital,Cordless headset; Mobile phone,Temporary use (three months or less),2025-11-08,2026-01-03,Replace faulty handset,2025-10-24
Wendy Jones,Wendy,07019570844,IT,Marketing Specialist,wendy.jones@example.com,0701473,Relocate existing to a new location,Cordless headset; Smartphone,Temporary use (three months or less),2025-11-11,2026-01-29,User requests digital line,2025-10-24
Hannah Gibson,Hannah,08050152602,IT,Ops Associate,hannah.gibson@example.com,93033637,Other... (multi-line hunt group setup),Cordless headset; Other... (spare adapter or special desk mount); Mobile phone,Permanent use,2025-11-02,,New hire onboarding,2025-10-24
Tiffany Haney,Tiffany,07022557874,People,Ops Associate,tiffany.haney@example.com,44923598,"New extension to an existing, inactive socket",Other... (spare adapter or special desk mount); Mobile phone; SIM card only,Permanent use,2025-10-25,,Relocation to 3rd floor,2025-10-24
Michael Duke,Michael,08093593351,Compliance,Ops Associate,michael.duke@example.com,3826737,New extension including new cabling and socket,Mobile phone; Cordless handset,Permanent use,2025-11-11,,Team expansion,2025-10-24
Alexa Berry,Alexa,08089627923,Data,Compliance Analyst,alexa.berry@example.com,210853395,Other... (multi-line hunt group setup),Mobile phone; Cordless headset,Permanent use,2025-11-09,,Relocation to 3rd floor,2025-10-24
Debra Moore,Debra,09060139682,Operations,Marketing Specialist,debra.moore@example.com,730978830,Relocate existing to a new location,Cordless headset,Permanent use,2025-11-05,,Sample comments,2025-10-24
Jeffrey Villanueva,Jeffrey,09097906995,Support,Ops Associate,jeffrey.villanueva@example.com,542062093,Convert existing extension from analogue to digital,Smartphone,Permanent use,2025-11-10,,Desk move in 2 weeks,2025-10-24
Annette Wilson,Annette,09123583215,People,IT Support,annette.wilson@example.com,1598645,"Relocate an existing extension to an existing inactive, socket",SIM card only; Cordless handset; Cordless headset,Permanent use,2025-11-03,,Team expansion,2025-10-24
Wayne Elliott,Wayne,09194438757,People,Compliance Analyst,wayne.elliott@example.com,8347842217,New extension including new cabling and socket,Cordless headset; Mobile phone; Handset speaker phone,Temporary use (three months or less),2025-11-13,2025-12-06,User requests digital line,2025-10-24
Peter Melendez,Peter,08150090007,People,Marketing Specialist,peter.melendez@example.com,4905609653,"New extension to an existing, inactive socket",Other... (spare adapter or special desk mount); Smartphone,Permanent use,2025-11-05,,Team expansion,2025-10-24
Amanda Thomas,Amanda,09154427800,Support,Compliance Analyst,amanda.thomas@example.com,4583068378,Convert existing extension from analogue to digital,Handset speaker phone,Permanent use,2025-11-01,,Team expansion,2025-10-24
Sharon Thornton,Sharon,08043519881,Marketing,Marketing Specialist,sharon.thornton@example.com,5218486125,Other... (multi-line hunt group setup),Mobile phone; SIM card only,Permanent use,2025-11-10,,Desk move in 2 weeks,2025-10-24
Alexis Mullins,Alexis,08146500159,Sales,Compliance Analyst,alexis.mullins@example.com,04094192,Other... (multi-line hunt group setup),SIM card only; Mobile phone; Other... (spare adapter or special desk mount),Temporary use (three months or less),2025-11-06,2025-12-11,New hire onboarding,2025-10-24
William Tucker,William,09104264749,Sales,Software Engineer,william.tucker@example.com,8221335080,New extension including new cabling and socket,Handset speaker phone; Mobile phone,Permanent use,2025-10-25,,User requests digital line,2025-10-24
John Wilson,John,09167802316,IT,Software Engineer,john.wilson@example.com,4091364434,Convert existing extension from analogue to digital,SIM card only; Mobile phone,Permanent use,2025-10-31,,Relocation to 3rd floor,2025-10-24
Colleen Pace,Colleen,09123927436,Finance,Ops Associate,colleen.pace@example.com,6930760975,Relocate existing to a new location,Cordless handset; Mobile phone; Smartphone,Permanent use,2025-11-01,,New hire onboarding,2025-10-24
Benjamin Jackson,Benjamin,09064150837,Compliance,Analyst,benjamin.jackson@example.com,325438449,"Relocate an existing extension to an existing inactive, socket",Cordless handset; SIM card only; Other... (spare adapter or special desk mount),Temporary use (three months or less),2025-11-14,2026-01-11,Team expansion,2025-10-24
